{
  "id": "2272549",
  "name": "小米商城",
  "font_family": "iconfont",
  "css_prefix_text": "icon-",
  "description": "",
  "glyphs": [
    {
      "icon_id": "982436",
      "name": "回顶部",
      "font_class": "huidingbu",
      "unicode": "e66c",
      "unicode_decimal": 58988
    },
    {
      "icon_id": "766834",
      "name": "下箭头",
      "font_class": "downarrow",
      "unicode": "e692",
      "unicode_decimal": 59026
    },
    {
      "icon_id": "959111",
      "name": "下箭头",
      "font_class": "xiajiantou",
      "unicode": "e649",
      "unicode_decimal": 58953
    },
    {
      "icon_id": "4437603",
      "name": "下箭头",
      "font_class": "xiajiantou1",
      "unicode": "e615",
      "unicode_decimal": 58901
    },
    {
      "icon_id": "15369",
      "name": "右三角形",
      "font_class": "yousanjiaoxing",
      "unicode": "e644",
      "unicode_decimal": 58948
    },
    {
      "icon_id": "5699519",
      "name": "微博",
      "font_class": "weibo2",
      "unicode": "e62f",
      "unicode_decimal": 58927
    },
    {
      "icon_id": "6366912",
      "name": "微信",
      "font_class": "weixin1",
      "unicode": "e614",
      "unicode_decimal": 58900
    },
    {
      "icon_id": "11495068",
      "name": "支付宝",
      "font_class": "zhifubao1",
      "unicode": "e66e",
      "unicode_decimal": 58990
    },
    {
      "icon_id": "1487395",
      "name": "qq",
      "font_class": "qq",
      "unicode": "e603",
      "unicode_decimal": 58883
    },
    {
      "icon_id": "7550292",
      "name": "微博",
      "font_class": "weibo1",
      "unicode": "e69e",
      "unicode_decimal": 59038
    },
    {
      "icon_id": "8574987",
      "name": "支付宝",
      "font_class": "zhifubao",
      "unicode": "e60a",
      "unicode_decimal": 58890
    },
    {
      "icon_id": "288984",
      "name": "微信",
      "font_class": "weixin",
      "unicode": "e679",
      "unicode_decimal": 59001
    },
    {
      "icon_id": "338376",
      "name": "充值",
      "font_class": "chongzhi",
      "unicode": "e618",
      "unicode_decimal": 58904
    },
    {
      "icon_id": "411786",
      "name": "15",
      "font_class": "15",
      "unicode": "e638",
      "unicode_decimal": 58936
    },
    {
      "icon_id": "425649",
      "name": "购物车",
      "font_class": "gouwuche",
      "unicode": "e628",
      "unicode_decimal": 58920
    },
    {
      "icon_id": "592804",
      "name": "7",
      "font_class": "7",
      "unicode": "e639",
      "unicode_decimal": 58937
    },
    {
      "icon_id": "680985",
      "name": "企业",
      "font_class": "qiye",
      "unicode": "e724",
      "unicode_decimal": 59172
    },
    {
      "icon_id": "689240",
      "name": "个人 用户 头像",
      "font_class": "gerenyonghutouxiang",
      "unicode": "e7e4",
      "unicode_decimal": 59364
    },
    {
      "icon_id": "1089338",
      "name": "维修",
      "font_class": "buoumaotubiao46",
      "unicode": "e629",
      "unicode_decimal": 58921
    },
    {
      "icon_id": "1309811",
      "name": "信息",
      "font_class": "xinxi",
      "unicode": "e620",
      "unicode_decimal": 58912
    },
    {
      "icon_id": "1472563",
      "name": "手机",
      "font_class": "shouji",
      "unicode": "e63e",
      "unicode_decimal": 58942
    },
    {
      "icon_id": "3092306",
      "name": "时钟",
      "font_class": "shizhong",
      "unicode": "e78b",
      "unicode_decimal": 59275
    },
    {
      "icon_id": "3248683",
      "name": "首页",
      "font_class": "shouye",
      "unicode": "e600",
      "unicode_decimal": 58880
    },
    {
      "icon_id": "4251740",
      "name": "客服",
      "font_class": "kefu",
      "unicode": "e646",
      "unicode_decimal": 58950
    },
    {
      "icon_id": "4294074",
      "name": "设置",
      "font_class": "shezhi",
      "unicode": "e786",
      "unicode_decimal": 59270
    },
    {
      "icon_id": "5056419",
      "name": "位置",
      "font_class": "weizhi",
      "unicode": "e609",
      "unicode_decimal": 58889
    },
    {
      "icon_id": "5300922",
      "name": "礼物",
      "font_class": "liwu-",
      "unicode": "e6ae",
      "unicode_decimal": 59054
    },
    {
      "icon_id": "6367275",
      "name": "F",
      "font_class": "F",
      "unicode": "e61f",
      "unicode_decimal": 58911
    },
    {
      "icon_id": "6756291",
      "name": "微博",
      "font_class": "weibo",
      "unicode": "e608",
      "unicode_decimal": 58888
    },
    {
      "icon_id": "7148955",
      "name": "右箭头",
      "font_class": "youjiantou",
      "unicode": "e61c",
      "unicode_decimal": 58908
    },
    {
      "icon_id": "10664706",
      "name": "搜索 search",
      "font_class": "search",
      "unicode": "e602",
      "unicode_decimal": 58882
    },
    {
      "icon_id": "12754141",
      "name": "左箭头",
      "font_class": "zuojiantou_huaban",
      "unicode": "e63b",
      "unicode_decimal": 58939
    },
    {
      "icon_id": "14835595",
      "name": "右箭头",
      "font_class": "arrowRight",
      "unicode": "e65d",
      "unicode_decimal": 58973
    },
    {
      "icon_id": "17945387",
      "name": "钱",
      "font_class": "piaoju",
      "unicode": "e8b1",
      "unicode_decimal": 59569
    },
    {
      "icon_id": "18169796",
      "name": "SIM卡,手机卡,电话卡",
      "font_class": "sim",
      "unicode": "e946",
      "unicode_decimal": 59718
    }
  ]
}
